qwert,9381242017,ertyu@gmail.com
chocky,9381242017,qw@gmail.com
qwert,9381242017,ertyu@gmail.com
vishnu,6300123456,zxcv@gmail.com
chocky,9381242017,qw@gmail.com
qwert,9381242017,ertyu@gmail.com
chocky,9381242017,qw@gmail.com
qwert,9381242017,ertyu@gmail.com
vishnu,6300123456,zxcv@gmail.com
asg,9000800090,3@gmail.com
name,9087908790,#@gmail.com
qwed,9876543210,#$@gmail.com
zdf,9876543210,devi@@gmail.com
axc,9876543210,devi@@gmail.com
asdfgh,9876543210,devi@@@8765@gmail.com
asdfg,6789054321,Dzsxfcgvhbj@gmail.com
sai,9299473699,qw@gmail.com
ajay kumar,9381382100,anil@gmail.com
Ajay Kiran,9637418520,ajaykiran@gmail.com
Ajay,9381385200,ajayk@gmail.com
